Code,Name,Category,Unit
RC0001,"1 1/8""x3/16""x6' Armaflex 41/bx",ARMAFLEX,Stick
RC0002,"1 1/8""x3/4""x6' Armaflex 15/BX",ARMAFLEX,Stick
RC0003,"3/4""x3/4""x6' Armaflex 24/BX",ARMAFLEX,Stick
RC0004,"5/8""x3/4""x 6' Armaflex 30/BX",ARMAFLEX,Stick
RC0005,"7/8""x3/4""x6' Armaflex 21/BX",ARMAFLEX,Stick
RC0006,White Armaflex Paint 1 Gallon,ARMAFLEX,Each
RC0007,"1/2"" Copper Coupling",COPPER PIPE & FITTINGS,Each
RC0008,"1/2"" Copper L/R 90 ELL",COPPER PIPE & FITTINGS,Each
RC0009,"1/2""x50' Soft Copper",COPPER PIPE & FITTINGS,Foot
RC0010,"3/4"" Copper Coupling 25/bx",COPPER PIPE & FITTINGS,Each
RC0011,"3/4"" Copper L/R 90 ELL 50/bx",COPPER PIPE & FITTINGS,Each
RC0012,"3/4"" Copper L/R 90 ST ELL",COPPER PIPE & FITTINGS,Each
RC0013,"3/4""x50' Soft Copper",COPPER PIPE & FITTINGS,Foot
RC0014,"3/8"" Copper Coupling 50/bx",COPPER PIPE & FITTINGS,Each
RC0015,"3/8"" Copper L/R 90 ELL",COPPER PIPE & FITTINGS,Each
RC0016,"3/8""x50' Soft Copper",COPPER PIPE & FITTINGS,Foot
RC0017,"5/8"" Copper Coupling",COPPER PIPE & FITTINGS,Each
RC0018,"5/8"" Copper L/R 90 ELL 50/bx",COPPER PIPE & FITTINGS,Each
RC0019,"5/8"" Copper L/R 90 ST ELL",COPPER PIPE & FITTINGS,Each
RC0020,"5/8""x50' Soft Copper",COPPER PIPE & FITTINGS,Foot
RC0021,"7/8"" Copper Coupling 25/bx",COPPER PIPE & FITTINGS,Each
RC0022,"7/8"" Copper L/R 90 ELL",COPPER PIPE & FITTINGS,Each
RC0023,"7/8"" Copper L/R 90 ST ELL 10/bx",COPPER PIPE & FITTINGS,Each
RC0024,"7/8""x50' Soft Copper",COPPER PIPE & FITTINGS,Foot
RC0025,20A2P Cutler Hammer Bkr,ELECTRICAL BREAKERS,Each
RC0026,20A2P Federal Pacific Bkr,ELECTRICAL BREAKERS,Each
RC0027,20A2P GE Slimline Bkr,ELECTRICAL BREAKERS,Each
RC0028,20A2P Murray/Challenger Bkr,ELECTRICAL BREAKERS,Each
RC0029,20A2P SQ D Breaker,ELECTRICAL BREAKERS,Each
RC0030,20A2P SQ Homeline Bkr,ELECTRICAL BREAKERS,Each
RC0031,25A2P Cutler Hammer Bkr,ELECTRICAL BREAKERS,Each
RC0032,25A2P Federal Pacific Bkr,ELECTRICAL BREAKERS,Each
RC0033,25A2P GE Slimline Bkr,ELECTRICAL BREAKERS,Each
RC0034,25A2P Murray/Challenger Bkr,ELECTRICAL BREAKERS,Each
RC0035,25A2P SQ D Breaker,ELECTRICAL BREAKERS,Each
RC0036,25A2P SQ Homeline Bkr,ELECTRICAL BREAKERS,Each
RC0037,30A2P Cutler Hammer Bkr,ELECTRICAL BREAKERS,Each
RC0038,30A2P Federal Pacific Bkr,ELECTRICAL BREAKERS,Each
RC0039,30A2P GE Slimline Bkr,ELECTRICAL BREAKERS,Each
RC0040,30A2P Murray/Challenger Bkr,ELECTRICAL BREAKERS,Each
RC0041,30A2P SQ D Breaker,ELECTRICAL BREAKERS,Each
RC0042,30A2P SQ Homeline Bkr,ELECTRICAL BREAKERS,Each
RC0043,35A2P Cutler Hammer Bkr,ELECTRICAL BREAKERS,Each
RC0044,35A2P Federal Pacific Bkr,ELECTRICAL BREAKERS,Each
RC0045,35A2P GE Slimline Bkr,ELECTRICAL BREAKERS,Each
RC0046,35A2P Murray/Challenger Bkr,ELECTRICAL BREAKERS,Each
RC0047,35A2P SQ D Breaker,ELECTRICAL BREAKERS,Each
RC0048,35A2P SQ Homeline Bkr,ELECTRICAL BREAKERS,Each
RC0049,40A2P Cutler Hammer Bkr,ELECTRICAL BREAKERS,Each
RC0050,40A2P Federal Pacific Bkr,ELECTRICAL BREAKERS,Each
RC0051,40A2P GE Slimline Bkr,ELECTRICAL BREAKERS,Each
RC0052,40A2P Murray/Challenger Bkr,ELECTRICAL BREAKERS,Each
RC0053,40A2P SQ D Breaker,ELECTRICAL BREAKERS,Each
RC0054,40A2P SQ Homeline Bkr,ELECTRICAL BREAKERS,Each
RC0055,45A2P Cutler Hammer Bkr,ELECTRICAL BREAKERS,Each
RC0056,45A2P Federal Pacific Bkr,ELECTRICAL BREAKERS,Each
RC0057,45A2P GE Slimline Bkr,ELECTRICAL BREAKERS,Each
RC0058,45A2P Murray/Challenger Bkr,ELECTRICAL BREAKERS,Each
RC0059,45A2P SQ D Breaker,ELECTRICAL BREAKERS,Each
RC0060,45A2P SQ Homeline Bkr,ELECTRICAL BREAKERS,Each
RC0061,50A2P Cutler Hammer Bkr,ELECTRICAL BREAKERS,Each
RC0062,50A2P Federal Pacific Bkr,ELECTRICAL BREAKERS,Each
RC0063,50A2P GE Slimline Bkr,ELECTRICAL BREAKERS,Each
RC0064,50A2P Murray/Challenger Bkr,ELECTRICAL BREAKERS,Each
RC0065,50A2P SQ D Breaker,ELECTRICAL BREAKERS,Each
RC0066,50A2P SQ Homeline Bkr,ELECTRICAL BREAKERS,Each
RC0067,60A2P Cutler Hammer Bkr,ELECTRICAL BREAKERS,Each
RC0068,60A2P Federal Pacific Bkr,ELECTRICAL BREAKERS,Each
RC0069,60A2P GE Slimline Bkr,ELECTRICAL BREAKERS,Each
RC0070,60A2P Murray/Challenger Bkr,ELECTRICAL BREAKERS,Each
RC0071,60A2P SQ D Breaker,ELECTRICAL BREAKERS,Each
RC0072,60A2P SQ Homeline Bkr,ELECTRICAL BREAKERS,Each
RC0073,"1 5/8"" x 1 5/8"" x 10' Grn Hanging Channel 3.5-5Ton",FASTENERS,Stick
RC0074,"1""x6"" Angle Brkt 4/pk",FASTENERS,Pkg
RC0075,"10x3/4"" Selfdrill Tek Screw 500/Bx",FASTENERS,Box
RC0076,"3/4""x3/4""x1 5/8"" x 10' Grn Hanging Channel 1.5-3Ton",FASTENERS,Stick
RC0077,"3/8"" Coupling Nut 100/bx",FASTENERS,PCS
RC0078,"3/8"" Nuts 100/bx",FASTENERS,Box
RC0079,"3/8"" Washer 100/bx",FASTENERS,Box
RC0080,"3/8"" x 6' All Thread Rod (25 ct)",FASTENERS,Stick
RC0081,Drywall Mud,FASTENERS,Each
RC0082,"Drywall Screw 1 1/4""; Course 100/bx",FASTENERS,Box
RC0083,Grille Screws White P/HD 250/bx,FASTENERS,Box
RC0084,"Grip-Rite 3"" Deck Screws 100ct",FASTENERS,Box
RC0085,Plastic Wall Anchors,FASTENERS,Box
RC0086,"Tap Con 1/4""x1 1/4"" 100/bx",FASTENERS,Box
RC0087,"1""x100'Ft 26 Ga Strap",MISCELLANEOUS,Roll
RC0088,"11"" Black Duct Straps 50/bg",MISCELLANEOUS,Bag
RC0089,15% Silver Solder 28/STK,MISCELLANEOUS,Tube
RC0090,"2"" Mastic Brush 24"" Long",MISCELLANEOUS,Each
RC0091,"2"" Mastic Brush 24/bx",MISCELLANEOUS,Each
RC0092,240V Condensate Pump,MISCELLANEOUS,Each
RC0093,"3/8"" Liquid Line Drier R22/410A/4007C",MISCELLANEOUS,Each
RC0094,"36"" Cable Strap 50/bg",MISCELLANEOUS,Bag
RC0095,"4KH7 Blades-6"" 6TPI Wood 5/pk",MISCELLANEOUS,Pkg
RC0096,"4TF18 Blades-6"" 18 TPI Metal 5/pk",MISCELLANEOUS,Pkg
RC0097,5019-9/16 Staples,MISCELLANEOUS,Pkg
RC0098,AG-1100+ Aqua-Guard Secondary Float Switch,MISCELLANEOUS,Each
RC0099,Appion TEZOM Vacuum Pump Oil,MISCELLANEOUS,Each
RC0100,Black Web Hanging Strap 24/bx,MISCELLANEOUS,Roll
RC0101,Condensate Overflow Switch TP - SS2,MISCELLANEOUS,Each
RC0102,Drain Solve 12/CASE,MISCELLANEOUS,Each
RC0103,Evap Power C,MISCELLANEOUS,Each
RC0104,FlowPlus-25 Replacement Tablets,MISCELLANEOUS,25/btl
RC0105,"FS750 Fin Saver 3/4""",MISCELLANEOUS,Each
RC0106,"FS875 Fin Saver 7/8""",MISCELLANEOUS,Each
RC0107,Handi-Foam Sealant 12oz 12/cs,MISCELLANEOUS,Each
RC0108,"Indoor/Outdoor, White, Paintable, Acrylic Caulk",MISCELLANEOUS,Tube
RC0109,Leak Detector 8 0Z,MISCELLANEOUS,Each
RC0110,Mastic 1 Gallon 4/cs,MISCELLANEOUS,Each
RC0111,Mtg Bkt / Boot Clip 100/bx,MISCELLANEOUS,Box
RC0112,Outdoor Only ALKI-Foam Non Acid,MISCELLANEOUS,Each
RC0113,Penetrating Spray 12OZ 12/cs,MISCELLANEOUS,Each
RC0114,"Refrigerant Safety Cap Key, Universal",MISCELLANEOUS,Each
RC0115,"Refrigerant Safety Caps, Universal",MISCELLANEOUS,Each
RC0116,Sandcloth 10-Yard,MISCELLANEOUS,Each
RC0117,Silicone Caulk,MISCELLANEOUS,Tube
RC0118,Spray Adhesive 12/cs,MISCELLANEOUS,Each
RC0119,"Staple, 5/16"" T50 1250/bx Arrow Brand",MISCELLANEOUS,Pkg
RC0120,Teflon Tape #13229 Roll,MISCELLANEOUS,Roll
RC0121,"Vibra Pad 3/4""x16""x16""-2""pcs-64pcs/pad",MISCELLANEOUS,PCS
RC0122,Visqueen / Poly sheet (roll),MISCELLANEOUS,Roll
RC0123,Wasp spray 14 oz,MISCELLANEOUS,Each
RC0124,"1"" EMT Clamp 100/bx",MISCELLANEOUS ELECTRICAL,Each
RC0125,"1""x1/2"" Red. Washer 100/bx",MISCELLANEOUS ELECTRICAL,Each
RC0126,"1/2"" 90* ELL PLAST FTG 10/bx",MISCELLANEOUS ELECTRICAL,Each
RC0127,"1/2"" Romex Conn 100/pk",MISCELLANEOUS ELECTRICAL,Each
RC0128,"1/2"" Rubber Grommets",MISCELLANEOUS ELECTRICAL,Each
RC0129,"1/2"" STRT PLAST Conn 10/bx",MISCELLANEOUS ELECTRICAL,Each
RC0130,"1/2""x100' NON-MET Sealtite",MISCELLANEOUS ELECTRICAL,Foot
RC0131,18/8-UL 8 -T-Stat Wire 250',MISCELLANEOUS ELECTRICAL,Roll
RC0132,3.5-5hp Hard Start,MISCELLANEOUS ELECTRICAL,Each
RC0133,"3/4"" 90* ELL PLAST FTG 10/bx",MISCELLANEOUS ELECTRICAL,Each
RC0134,"3/4"" EMT Clamp 100/bx",MISCELLANEOUS ELECTRICAL,Each
RC0135,"3/4"" Romex Conn 100/pk",MISCELLANEOUS ELECTRICAL,Each
RC0136,"3/4"" STRT PLAST Conn 10/bx",MISCELLANEOUS ELECTRICAL,Each
RC0137,"3/4""x100' NON-MET Sealtite",MISCELLANEOUS ELECTRICAL,Foot
RC0138,Blue Winggard 50/bx,MISCELLANEOUS ELECTRICAL,Box
RC0139,Contactor 40A/2P/24V,MISCELLANEOUS ELECTRICAL,Each
RC0140,Disconnect 60A Fused,MISCELLANEOUS ELECTRICAL,Each
RC0141,Disconnect 60A Non-Fused,MISCELLANEOUS ELECTRICAL,Each
RC0142,Fuse AUTO ATC-3 Amp 5/pk,MISCELLANEOUS ELECTRICAL,Pkg
RC0143,Fuse AUTO ATC-5 Amp 5/pk,MISCELLANEOUS ELECTRICAL,Pkg
RC0144,Intermatic Surge Protector Type 1 &2,MISCELLANEOUS ELECTRICAL,Each
RC0145,Orange Wire Nuts 100/bx,MISCELLANEOUS ELECTRICAL,Box
RC0146,Red Wire Nuts 100/bx,MISCELLANEOUS ELECTRICAL,Box
RC0147,Romex 10-2 w/GRD 250'/Roll,MISCELLANEOUS ELECTRICAL,Foot
RC0148,Romex 14-2 w/GRD 250'/Roll,MISCELLANEOUS ELECTRICAL,Foot
RC0149,Romex 6-2 w/GRD 125'/Roll,MISCELLANEOUS ELECTRICAL,Foot
RC0150,Romex 8-2 w/GRD 125'/Roll,MISCELLANEOUS ELECTRICAL,Foot
RC0151,Scotchlok UY2,MISCELLANEOUS ELECTRICAL,Each
RC0152,Small Blue Wire Nuts 100/bx,MISCELLANEOUS ELECTRICAL,Box
RC0153,"Transformer 120/240V 24VAC, 40VA",MISCELLANEOUS ELECTRICAL,Each
RC0154,"Transformer 120/240v 24VAC, 75VA",MISCELLANEOUS ELECTRICAL,Each
RC0155,Vertical Wet Switch,MISCELLANEOUS ELECTRICAL,Each
RC0156,Yellow Wire Nuts 100/bx,MISCELLANEOUS ELECTRICAL,Box
RC0157,"1 1/2"" x 3/4"" Reducer Bush. PVC",PVC PIPE & FITTINGS,Each
RC0158,"1"" 90* PVC ELL",PVC PIPE & FITTINGS,Each
RC0159,"1"" PVC Coupling",PVC PIPE & FITTINGS,Each
RC0160,"3/4"" CPVC to PVC Adapter",PVC PIPE & FITTINGS,Each
RC0161,"3/4"" FPT Adaptor",PVC PIPE & FITTINGS,Each
RC0162,"3/4"" MPT Adaptor",PVC PIPE & FITTINGS,Each
RC0163,"3/4"" PVC 45* ELL",PVC PIPE & FITTINGS,Each
RC0164,"3/4"" PVC 90* ELL 100/BX",PVC PIPE & FITTINGS,Each
RC0165,"3/4"" PVC 90* FPT ELL",PVC PIPE & FITTINGS,Each
RC0166,"3/4"" PVC 90* MPT ELL",PVC PIPE & FITTINGS,Each
RC0167,"3/4"" PVC Cap",PVC PIPE & FITTINGS,Each
RC0168,"3/4"" PVC Coupling",PVC PIPE & FITTINGS,Each
RC0169,"3/4"" PVC P-Trap",PVC PIPE & FITTINGS,Each
RC0170,"3/4"" PVC TEE",PVC PIPE & FITTINGS,Each
RC0171,"3/4""x10' PVC SCH 40 Pipe",PVC PIPE & FITTINGS,Stick
RC0172,All Access Condensate Clean-out,PVC PIPE & FITTINGS,Each
RC0173,PVC Rain R Shine Blue Cement,PVC PIPE & FITTINGS,Each
RC0174,"60"" Ladder Safety Strap",SAFETY & MISC GEAR,Pkg
RC0175,9V Battery,SAFETY & MISC GEAR,Each
RC0176,AA Battery,SAFETY & MISC GEAR,Each
RC0177,AAA Battery,SAFETY & MISC GEAR,Each
RC0178,Construction First Aid Kit Small,SAFETY & MISC GEAR,Each
RC0179,Ear Plugs 200/bx,SAFETY & MISC GEAR,Each
RC0180,Face/Dust Mask 50/bx,SAFETY & MISC GEAR,Each
RC0181,Hard Hats - White,SAFETY & MISC GEAR,Each
RC0182,Safety Glasses,SAFETY & MISC GEAR,Each
RC0183,Shoe Covers 100 / box,SAFETY & MISC GEAR,Box
RC0184,"1/8""x2""x30' Cork Tape",TAPES,Roll
RC0185,"1/8""x2""x30' Foam tape",TAPES,Roll
RC0186,"3/4"" Electrical Tape",TAPES,Roll
RC0187,"950 2""x 60YD Black Tape",TAPES,Roll
RC0188,Duct Saddle,TAPES,Each
RC0189,FASSON 0810 UL181A-P Silver Tape,TAPES,Roll
RC0190,"GlassFab 3""x150' Mastic Tape",TAPES,Roll
RC0191,Honeywell F33Cover Plate 1-LG 1-MED,THERMOSTATS,Each
RC0192,Pro 8000,THERMOSTATS,Each
RC0193,T4,THERMOSTATS,Each
RC0194,T6,THERMOSTATS,Each
RC0195,Trane 1050,THERMOSTATS,Each
RC0196,Trane XL1050 Communication Touch Screen,THERMOSTATS,Each
RC0197,40 CF- Nitrogen Contents,WELDING GASES & REFRIGERANT,Each
RC0198,MC-10 Acety Contents,WELDING GASES & REFRIGERANT,Each
RC0199,R-20 Oxygen Contents,WELDING GASES & REFRIGERANT,Each
RC0200,R-410 A Refrigerant 25#,WELDING GASES & REFRIGERANT,Each
